Christian McCaffrey,11746753
Antonio Brown,11746778
Saquon Barkley,11746791
Todd Gurley II,11745801
Michael Thomas,11746712
Ezekiel Elliott,11746771
Davante Adams,11746757
Odell Beckham Jr.,11746745
JuJu Smith-Schuster,11746727
Alvin Kamara,11745841
Adam Thielen,11746669
Tyreek Hill,11745766
Melvin Gordon III,11745805
Julio Jones,11746690
DeAndre Hopkins,11745821
James Conner,11746741
Mike Evans,11745791
Keenan Allen,11746445
Stefon Diggs,11745866
Aaron Jones,11746755
Julian Edelman,11746210
Patrick Mahomes,11745796
A.J. Green,11745832
Leonard Fournette,11745769
Brandin Cooks,11745908
Ben Roethlisberger,11746774
Travis Kelce,11745843
Robert Woods,11745910
Nick Chubb,11745856
Drew Brees,11746731
James White,11746639
Amari Cooper,11746739
Philip Rivers,11746784
David Johnson,11745777
Tarik Cohen,11746780
Joe Mixon,11745775
Zach Ertz,11745862
Kenny Golladay,11745864
T.Y. Hilton,11746718
Cam Newton,11745858
Phillip Lindsay,11746787
Jameis Winston,11746678
Emmanuel Sanders,11746010
Austin Ekeler,11746695
Tyler Boyd,11746424
Russell Wilson,11745946
Josh Gordon,11746643
Aaron Rodgers,11745922
Sony Michel,11745890
Deshaun Watson,11745898
Andrew Luck,11746645
Tom Brady,11746207
Jared Goff,11745798
Baker Mayfield,11746685
Jarvis Landry,11746751
Dalvin Cook,11745836
Mark Ingram,11746151
Lamar Jackson,11745893
Eric Ebron,11746798
D.J. Moore,11746648
Mitchell Trubisky,11745990
Allen Robinson II,11745995
Matt Ryan,11746355
Dak Prescott,11746701
Tyler Lockett,11745947
Kirk Cousins,11746668
Josh Allen,11746671
George Kittle,11745830
Alshon Jeffery,11746493
Kerryon Johnson,11746706
Chris Thompson,11746785
Carson Wentz,11746022
Joe Flacco,11745982
Josh Adams,11746656
Spencer Ware,11746795
Calvin Ridley,11745919
Case Keenum,11746392
Matthew Stafford,11745934
Jared Cook,11746763
Corey Davis,11745810
Eli Manning,11746631
Lamar Miller,11746749
LeSean McCoy,11746625
Sammy Watkins,11745819
Derek Carr,11746543
Marcus Mariota,11745838
Adam Humphries,11746776
Chris Godwin,11746793
Matt Breida,11745773
Larry Fitzgerald,11745936
Chris Carson,11745868
Adrian Peterson,11746634
DeSean Jackson,11746176
Rob Gronkowski,11745794
Ryan Tannehill,11745974
Golden Tate,11746704
Doug Baldwin,11745787
Colt McCoy,11745965
Devin Funchess,11745859
Marquise Goodwin,11745803
Josh Rosen,11745935
Theo Riddick,11746509
Jordan Reed,11745799
Marlon Mack,11745823
Josh Reynolds,11745854
Chase Daniel,11745905
Nick Mullens,11746012
Tyrell Williams,11746699
Christian Kirk,11746529
Josh Doctson,11746137
Tre'Quan Smith,11745884
Ryan Fitzpatrick,11745971
Kenyan Drake,11745975
Gus Edwards,11745845
Robert Griffin III,11746247
Courtland Sutton,11746722
Nick Foles,11746485
Joshua Dobbs,11746564
Mason Rudolph,11746708
Dion Lewis,11745771
Cody Kessler,11745952
Matt Barkley,11745957
Sam Darnold,11745962
Josh McCown,11746094
Sterling Shepard,11745882
Teddy Bridgewater,11745968
Brian Hoyer,11745979
Keke Coutee,11745849
Marquez Valdes-Scantling,11745779
Tevin Coleman,11746004
Jimmy Graham,11746737
C.J. Beathard,11745861
Dante Pettis,11746769
Jeff Driskel,11746019
Blake Bortles,11745812
Brock Osweiler,11746185
DeVante Parker,11746747
Michael Crabtree,11745983
Chad Henne,11746226
Anthony Miller,11745906
Sean Mannion,11745997
Randall Cobb,11745923
Mohamed Sanu,11746364
DeShone Kizer,11746376
Austin Hooper,11746735
Geno Smith,11746440
Doug Martin,11746660
Trevor Siemian,11746032
Blaine Gabbert,11745809
Zay Jones,11746767
John Brown,11745896
Jacoby Brissett,11745851
Brandon Weeden,11745899
Nyheim Hines,11746646
Tyrod Taylor,11745914
Cooper Rush,11746461
Mike Glennon,11746029
AJ McCarron,11746544
Jordy Nelson,11746761
Brett Hundley,11746602
Wayne Gallman Jr.,11746743
Kenny Stills,11746714
Demaryius Thomas,11745902
Jalen Richard,11745940
David Moore,11745949
T.J. Yeldon,11745813
Derek Anderson,11746075
Davis Webb,11746095
Trey Quinn,11745966
Kyle Lauletta,11746110
Alex Tanney,11746111
Mark Sanchez,11746128
Jamison Crowder,11746139
Taysom Hill,11746150
Ryan Griffin,11746171
Danny Amendola,11745977
David Fales,11746186
Ty Montgomery,11746733
Joe Webb III,11746264
Tyler Bray,11746295
Drew Stanton,11746328
Taylor Heinicke,11746339
Curtis Samuel,11746650
Matt Schaub,11745829
Tim Boyle,11746377
Kevin Hogan,11746393
Jimmy Garoppolo,11746408
Tom Savage,11746419
Giovani Bernard,11746420
Mike White,11746462
Rod Smith,11746463
Nate Sudfeld,11746486
Matt Cassel,11745835
Kyle Sloter,11746579
Rashaad Penny,11746765
Dede Westbrook,11745789
Taylor Gabriel,11745852
Jordan Howard,11745991
David Njoku,11745827
Antonio Callaway,11745915
Mike Williams,11746654
LeGarrette Blount,11746511
Donte Moncrief,11745782
Chris Conley,11746233
John Kelly,11746314
Malcolm Brown,11746316
Jeff Wilson Jr.,11746782
John Ross,11746020
Justin Jackson,11746697
Chase Edmonds,11746523
Bruce Ellington,11746724
Vance McDonald,11746666
Mike Davis,11746603
Quincy Enunwa,11745815
Evan Engram,11745963
Kapri Bibbs,11746129
Willie Snead IV,11745847
Dontrelle Inman,11745986
Duke Johnson Jr.,11745784
Pierre Garcon,11745927
Cole Beasley,11745932
Michael Gallup,11746702
Marcell Ateman,11746662
Jaylen Samuels,11746709
Latavius Murray,11746580
Derrick Henry,11745870
Jermaine Kearse,11745817
Isaiah Crowell,11745876
Robby Anderson,11746629
Peyton Barber,11745972
Rashard Higgins,11746686
Broncos ,11746789
Nelson Agholor,11746495
Ryan Switzer,11746664
D.J. Chark Jr.,11746061
Cameron Brate,11745886
Keith Kirkwood,11746636
Alfred Blue,11746265
Jamaal Williams,11746378
Royce Freeman,11746008
C.J. Uzomah,11746652
Cody Core,11746759
Chargers ,11746797
Seth Roberts,11745807
Kyle Rudolph,11746035
Taywan Taylor,11746621
Elijah McGuire,11745878
Kelvin Benjamin,11746078
Isaiah McKenzie,11746672
Maurice Harris,11745839
Chris Hogan,11745980
Rex Burkhead,11746641
Trey Burton,11745825
Ito Smith,11746356
Kendrick Bourne,11745929
Devontae Booker,11746394
Tajae Sharpe,11745872
Chris Ivory,11745958
Robert Foster,11746080
Brandon Marshall,11746159
Frank Gore,11745888
Cordarrelle Patterson,11746212
D'Onta Foreman,11745900
Jordan Wilkins,11746279
Dontrell Hilliard,11746720
Darren Sproles,11746023
Corey Clement,11746487
Stevan Ridley,11746030
Jesse James,11746575
Carlos Hyde,11745953
Bills ,11746711
Russell Shepard,11746675
Jacquizz Rodgers,11746172
Kenneth Dixon,11746679
Ryan Grant,11746283
DeAndre Carter,11746681
Torrey Smith,11745917
Alfred Morris,11746013
Aldrick Robinson,11746588
Jonnu Smith,11745874
Trenton Cannon,11746627
Ronald Jones II,11746174
Equanimeous St. Brown,11745925
Trent Taylor,11746017
Laquon Treadwell,11746033
Dalyn Dawkins,11746037
David Fluellen,11746039
Michael Campanaro,11746041
Cameron Batson,11746043
Darius Jennings,11746045
Tommy Bohanon,11746055
David Williams,11746057
Corey Grant,11746059
Keelan Cole,11746063
Rashad Greene Sr.,11746065
Chris Herndon,11745880
Marcus Murphy,11745960
Patrick DiMarco,11746076
Ray-Ray McCloud III,11746082
Deonte Thompson,11746084
Andre Holmes,11746086
Bilal Powell,11746096
Rishard Matthews,11746098
Charone Peake,11746100
Deontay Burnett,11746102
Andre Roberts,11746104
Elijhaa Penny,11746112
Jonathan Stewart,11746114
Cody Latimer,11746116
Jawill Davis,11746118
Corey Coleman,11746120
Bennie Fowler,11746122
Rob Kelley,11746131
Byron Marshall,11746133
Samaje Perine,11746135
Michael Floyd,11746141
Jehu Chesson,11746143
Zach Line,11746153
Dwayne Washington,11746155
Shane Vereen,11746157
Ted Ginn Jr.,11746161
Austin Carr,11746163
Tommylee Lewis,11746165
Justin Watson,11746178
Bobo Wilson,11746800
Brandon Bolden,11746187
Senorise Perry,11746189
Kalen Ballage,11746191
Albert Wilson,11746193
Leonte Carroo,11746195
Brice Butler,11746197
James Develin,11746208
Cody Hollister,11746214
Braxton Berrios,11746216
Phillip Dorsett,11746218
Matthew Slater,11746220
Isaiah Ford,11746802
Javorius Allen,11745894
Anthony Sherman,11746227
Darrel Williams,11746229
Damien Williams,11746231
Demarcus Robinson,11746235
Gehrig Dieter,11746237
Marcus Kemp,11746239
Patrick Ricard,11746248
Quincy Adeboyejo,11746250
Jaleel Scott,11746252
Jordan Lasley,11746254
Chris Moore,11746256
Chester Rogers,11745988
Buddy Howell,11746267
Sammie Coates Jr.,11746269
Will Fuller V,11746271
Vyncint Smith,11746273
Jonathan Williams,11746281
Matt Hazel,11746285
Zach Pascal,11746287
Jordan Thomas,11746683
Taquan Mizzell,11745993
Michael Burton,11746296
Benny Cunningham,11746298
Kevin White,11746300
Javon Wims,11746302
Josh Bellamy,11746304
Justin Davis,11746318
KhaDarel Hodge,11746320
JoJo Natson Jr.,11746322
Pharoh Cooper,11746324
Breshad Perriman,11746329
Damion Ratley,11746331
Cameron Artis-Payne,11746340
Travaris Cadet,11746342
Kenjon Barner,11746344
Alex Armah,11746346
Elijah Hood,11746348
Jarius Wright,11746350
Ricky Ortiz,11746358
Devonta Freeman,11746360
Brian Hill,11746362
Justin Hardy,11746366
Marvin Hall,11746368
Russell Gage,11746370
Tra Carson,11746380
J'Mon Moore,11746382
Geronimo Allison,11746384
Jake Kumerow,11746386
Danny Vitale,11746806
Kyle Juszczyk,11746015
Andy Janovich,11746396
Tim Patrick,11746398
DaeSean Hamilton,11746400
River Cracraft,11746402
Jordan Taylor,11746404
Matt Dayes,11746409
Richie James Jr.,11746411
Mark Walton,11746422
Alex Erickson,11746426
Auden Tate,11746428
Josh Malone,11746430
Detrez Newsome,11746441
Derek Watt,11746443
Geremy Davis,11746447
Artavis Scott,11746449
Travis Benjamin,11746451
Jamize Olawale,11746465
Tavon Austin,11746467
Allen Hurns,11746469
Terrance Williams,11746471
Noah Brown,11746473
Lance Lenoir,11746475
Wendell Smallwood,11746489
Jay Ajayi,11746491
Mack Hollins,11746497
Mike Wallace,11746499
Jordan Matthews,11746501
Shelton Gibson,11746503
TJ Jones,11746025
Nick Bellore,11746513
Zach Zenner,11746515
Brandon Powell,11746517
Andy Jones,11746519
Derrick Coleman,11746525
T.J. Logan,11746527
Trent Sherfield,11746531
J.J. Nelson,11746533
Chad Williams,11746535
Martavis Bryant,11745942
James Washington,11745944
Keith Smith,11746545
DeAndre Washington,11746547
Marshawn Lynch,11746549
ArDarius Stewart,11746551
Keon Hatcher,11746553
Dwayne Harris,11746555
Le'Veon Bell,11746565
Roosevelt Nix,11746567
Justin Hunter,11746569
Eli Rogers,11746571
Darrius Heyward-Bey,11746573
Steelers ,11746775
Ameer Abdullah,11746582
Mike Boone,11746584
C.J. Ham,11746586
Brandon Zylstra,11746590
Chad Beebe,11746592
Tre Madden,11746605
J.D. McKissic,11746607
Jaron Brown,11746609
Malik Turner,11746611
Titans ,11745951
Vernon Davis,11746145
Benjamin Watson,11745969
Lions ,11746790
Jaguars ,11746730
Patriots ,11746732
Mark Andrews,11746716
Antonio Gates,11746453
Rhett Ellison,11746632
Saints ,11746638
Gerald Everett,11745912
Ian Thomas,11746688
Matt LaCosse,11746692
Ricky Seals-Jones,11745938
Anthony Firkser,11746623
Texans ,11745985
Tyler Higbee,11745998
Cowboys ,11746773
Levine Toilolo,11746658
Seahawks ,11745781
Nick Vannett,11746613
James O'Shaughnessy,11745955
MyCole Pruitt,11746047
Beau Brinkley,11746049
Delanie Walker,11746051
Luke Stocker,11746053
Blake Bell,11746067
Ben Koyack,11746069
Niles Paul,11746071
Austin Seferian-Jenkins,11746073
Charles Clay,11746088
Jason Croom,11746090
Logan Thomas,11746092
Jordan Leggett,11746106
Eric Tomlinson,11746108
Garrett Dickerson,11746124
Scott Simonson,11746126
Jeremy Sprinkle,11746147
Giants ,11746677
Dan Arnold,11746167
Josh Hill,11746169
Alan Cross,11746180
Antony Auclair,11746182
Mike Gesicki,11746199
Durham Smythe,11746201
Nick O'Leary,11746203
A.J. Derby,11746205
Dwayne Allen,11746222
Jacob Hollister,11746224
James Winchester,11746241
Deon Yelder,11746243
Demetrius Harris,11746245
Nick Boyle,11746258
Maxx Williams,11746260
Hayden Hurst,11746262
Jordan Akins,11746275
Ryan Griffin,11746277
Mo Alie-Cox,11746289
Erik Swoope,11746291
Ryan Hewitt,11746293
Clive Walford,11746804
Rams ,11746000
Daniel Brown,11746306
Patrick Scales,11746308
Ben Braunecker,11746310
Adam Shaheen,11746312
Johnny Mundt,11746326
Greg Olsen,11745764
Seth DeValve,11746001
Darren Fells,11746333
Orson Charles,11746335
Pharaoh Brown,11746337
Chris Manhertz,11746352
Panthers ,11746354
Lance Kendricks,11746006
Eric Saubert,11746372
Logan Paulsen,11746374
Marcedes Lewis,11746388
Robert Tonyan,11746390
Brian Parker,11746406
Ross Dwelley,11746413
Garrett Celek,11746415
Kyle Nelson,11746417
Temarrick Hemingway,11746808
Matt Lengel,11746432
Tyler Eifert,11746434
Clark Harris,11746436
Jordan Franks,11746438
Hunter Henry,11746455
Virgil Green,11746457
Sean Culkin,11746459
Dalton Schultz,11746477
Rico Gathers,11746479
Blake Jarwin,11746481
Geoff Swaim,11746483
Dallas Goedert,11746505
Richard Rodgers,11746507
Michael Roberts,11746027
Luke Willson,11746521
Darrell Daniels,11746537
John Phillips,11746539
Jermaine Gresham,11746541
Darren Waller,11746557
Derek Carrier,11746559
Lee Smith,11746561
Xavier Grimble,11746577
David Morgan,11746594
Kevin McDermott,11746596
Tyler Conklin,11746598
Josiah Price,11746600
Will Dissly,11746615
Tyler Ott,11746617
Ed Dickson,11746619
Jets ,11746674
Colts ,11745904
Vikings ,11746729
Redskins ,11746149
Chiefs ,11745892
Eagles ,11745834
Cardinals ,11746726
Ravens ,11745797
Bears ,11745768
Browns ,11746003
Falcons ,11745921
49ers ,11746694
Dolphins ,11745793
Packers ,11745786
Buccaneers ,11746184
Bengals ,11745931
Raiders ,11746563
